"Crystal, Lampwork & Glass"
"Socks & Tights"
"Other Items"
"Kiddie Car Classics"
"18 Inch"
"Jackets, Blazers"
"Illustrated"
"Pie Birds"
"Clippers, Trimmers"
"Grooms' Attire"
"Bronze"
"Utensils"
"Antique"
"Norman Rockwell"
"HP"
"Lingerie, Stockings"
"Other Flags"
"Dept 56"
"Ice Cream Scoops"
"PC"
"Party, Occasion Supplies"
"Other Flats"
"UK"
"Swizzle/Stir Sticks"
"Belt Buckles"
"Armani"
"Cassettes"
"New England Village"
"Hot Wheels"
"Covers, Event"
"Music & Concert"
"Long Sleeve"
"Autographs, Paper & Writing"
"Photographic Images"
"Perfumes"
"Women"
"Wade Figurines"
"Gardening"
"Classics"
"Fabric"
"Files, Implements"
"Christmas in the City"
"Contemporary (1940-Now)"
"Horror, Mystery"
"Alternative, Zines"
"Batteries"
"Coats"
"Pyrex"
"New, Contemporary"
"Transportation"
"Massagers"
"Sweats"
"Marbles"
"Movies"
"Mary Engelbreit"
"Limoges"
"Christmas: Vintage (Pre-1946)"
"Tobacciana"
"Coins: US"
"Romance"
"Little Girls (Sz 4-6x)"
"Modern (1900-49)"
"Clothing & Accessories"
"Flower Girls' Dresses"
"Pajamas"
"Leather"
"Flat Panel"
"Foreign"
"Godzilla"
"Magic the Gathering"
"Other Silver Age"
"Loafers"
"Bottoms"
"Bread Boxes"
"Cartoon Character"
"Mystery, Suspense"
"Pink Box"
"Petites"
"Keychains"
"Sports"
"Bar Sets"
"Horror"
"Jeans"
"Silver"
"Ashtrays"
"Bow Ties"
"Blankets"
"Golden Age (1938-55)"
"Antiques"
"Pulps"
"Coins"
"Buffy the Vampire Slayer"
"Handle Ties"
"Boots"
"Irons"
"Portrait"
"Other Dept 56 Items"
"Tickets & Travel"
"Books"
"Lawn Mowers, Tractors"
"Footwear"
"Halves"
"Hall"
"Stamps"
"Hats"
"Full Runs"
"Scripts"
"Quilts"
"Paintings"
"International/1847 Rogers"
"Slightly Unusual"
"Cult"
"Other Posters"
"Sleeveless"
"Postcards"
"Short Sleeve"
"NASCAR"
"Fenton"
"Calvin Klein"
"Merry Miniatures"
"Chinese"
"US: Colorado"
"UK (Great Britain)"
"Other Gemstone"
"Poisons"
"By Material"
"Pewter"
"Comic"
"Franklin Mint"
"X-Files"
"Hair Accessories"
"Pressbooks, Press Kits"
"Cans: Non-US"
"Telephone Systems"
"Other Evening Bags"
"Games"
"Mixed Lots"
"Misses"
"Racing-NASCAR"
"Figurines"
"Other Neckwear"
"Veils, Headpieces"
"Superhero"
"Photo"
"Harmony Kingdom"
"Action Figures"
"Slips"
"Taylor Smith & Taylor"
"Shapers"
"Retail"
"Other Lenox Collectibles"
"Hiking"
"Animation Characters"
"Vintage, Antique"
"Brand Name"
"Bottles"
"Rock: Classic"
"Standing Liberty (1916-30)"
"American"
"Other Utensils"
"Antique, Vintage (Pre-1940)"
"Tricks"
"Wedding Apparel"
"Poo-Chi"
"Boyds"
"Other Longaberger Items"
"Other Swarovski Items"
"Dolls"
"Digital Cameras"
"Dress, Evening"
"Bradford Exchange"
"Memory Upgrades"
"Contemporary (1968-Now)"
"Laundry & Closets"
"Tops & T-Shirts"
"Laserdisc"
"Baskets"
"Push-Up"
"Other Metalware"
"Other Pez"
"Pantyhose"
"Fiction"
"Other Footwear"
"Enesco"
"Hair Care"
"Other Lamps, Lighting"
"Lotion"
"Baby Items"
"EAPG"
"Restaurants"
"Melamine, Melmac"
"Other Melamine Items"
"1940-59"
"1940-69"
"Reggae, Ska"
"Suits"
"Shelving & Racks"
"Props, Wardrobe"
"Vintage Clothing, Accessories"
"Toners, Fresheners"
"Other Non-Sports"
"Barbie"
"Blazers & Sports Coats"
"Wallets"
"Antiquities"
"Dolls & Bears"
"Robes, Sleepwear"
"Copiers"
"Mixers"
"Boxers"
"Individual Cards"
"Shelf"
"Self-Help"
"Bottles: Modern (1900-Now)"
"Gel, Mousse, Spray"
"Celebrity"
"16-inch or smaller"
"Pfaltzgraff"
"School Uniforms"
"Gorham, Whiting"
"Native American"
"Modern Age (1980-Now)"
"Neckwear"
"TAG Heuer"
"Towels"
"PartyLite"
"Cookie Jars"
"Vaseline"
"Backpacks, Purses"
"Other Modern Bottles"
"Magnets"
"Mascara, Eyeliner"
"Ice Buckets"
"Plants, Seeds, Bulbs"
"Phones & Wireless Devices"
"Camera Accessories"
"Casual, Daytime"
"Other Paper"
"Japanese"
"Classics Illustrated"
"Ceramics"
"Seated Liberty (1839-91)"
"Sporting Events"
"Cartoons"
"Documentary"
"Covers"
"Action/Revell"
"Platinum Age (1897-1937)"
"Medical, Dental"
"Hamilton Collector Plates"
"Other Cigarettes"
"National Geographic"
"Chains, Necklaces"
"Swarovski"
"Nintendo, Super"
"Other Dresses"
"Napkin Holders"
"Brides' Gowns"
"Whiskeys: Screw Top"
"Magic, Gaming Cards (CCG)"
"Diamond"
"Singles"
"Comics"
"Toddlers (Sz 2T-4T)"
"Machine Made"
"Science, Nature"
"Sandals"
"Rock: Alternative"
"PCMCIA Cards"
"Nail Color"
"Promotional"
"Contemporary (1973-Now)"
"Educational, Developmental"
"Career"
"Egg Beaters"
"Antique (Pre-1900)"
"Flasks"
"Other Bras"
"Hollow Ware"
"Electronic, Battery, Wind-Up"
"Soundtracks: Film"
"Martial Arts"
"Lenox"
"Other Lunchboxes"
"Paragon"
"Nintendo 64"
"Jackets"
"Tools, Gear, Equipment"
"Food & Beverage"
"Bracelets"
"Girls (Sz 7 and up)"
"Wigs, Extensions"
"Tennis"
"Memories of Yesterday"
"Video, Film"
"Football"
"Shakers"
"Pitchers"
"Other Accessories"
"Two-Piece"
"Nail Care"
"Japan"
"Milk"
"Antique (Pre-1930)"
"Bed & Bath"
"Danbury Mint"
"Other Danbury Mint Items"
"Housewares & Kitchenware"
"Curtains, Draperies"
"Cleansers & Moisturizers"
"Demi-Cup"
"Candle Holders"
"Theater"
"Trivets"
"Other Roman Collectibles"
"Treasure Hunt"
"Dr. Who"
"Computers"
"Calendars"
"Evening"
"Honey, Syrup"
"Airlines"
"Mineral Waters"
"Fruit Jars"
"Color Vinyl"
"Kyocera/Qualcomm"
"Children"
"Pressbooks (1900-59)"
"Military"
"Movies, TV"
"Loose Gemstones"
"Everything Else"
"Audio"
"Other Lladro Collectibles"
"Other Lengths"
"Harbour Lights"
"Antiques & Art"
"Schmid"
"Hard Drives-IDE"
"Automobilia"
"Bedding"
"Canisters"
"Nightgowns"
"Brushes, Applicators"
"16 Inch"
"Garden D_cor"
"Whiskeys, Gins, Schnapps"
"Beagle"
"Decorative by Brand"
"Retired, Discontinued"
"Collections, Mixture"
"Other Kitchenware"
"Soap Opera Digest"
"Horror, Sci-Fi"
"Briefcases"
"Instruments"
"Fantasy"
"Estee Lauder"
"Other Golden Age"
"Lucy & Me"
"Pearl"
"United States"
"Metalware"
"Other Fitz&Floyd Collectibles"
"Project Management"
"Pretty as a Picture"
"Printers & Supplies"
"ANRI"
"Television"
"Lefton Figurines"
"Aprons"
"Tender Tails"
"Magic"
"Children, Family"
"Brushes, Combs"
"Vehicles"
"Trivial Pursuit"
"Tourmaline"
"Vintage (Pre-1970)"
"Duck Stamps"
"Video Games"
"T-Shirts, Tank Tops"
"Athletic"
"Friends of the Feather"
"Spare Tops, Bottoms"
"Illustrated, Art"
"Mugs"
"Cingular"
"Medicines: Screw Top"
"Nodders"
"Washington (1932-Now)"
"Emerald"
"Weird Stuff"
"Home & Garden"
"Heels, Pumps"
"Bronze Age (1970-79)"
"Souvenir"
"Railroadiana, Trains"
"North Pole"
"Outerwear"
"Beaded"
"Video Cables"
"Plus Sizes"
"Hosiery"
"Comic Strip Art"
"Vintage (1977-89)"
"Books, Manuscripts"
"Braided Hair (1840-57)"
"Other Power Tools"
"Caribbean Islands"
"Other Gowns"
"True Crime"
"Independent Films"
"Pressbooks (1960-Now)"
"Pickard"
"House"
"Royal Doulton"
"Cultures & Religions"
"Disneyana"
"Other Limoges Collectibles"
"Sheets, Pillowcases"
"Clothing: Big & Tall"
"Playbills"
"Buick"
"Other Brands"
"Houseplants"
"Hands-Free Headsets, Kits"
"Cultures"
"Seraphim Classics"
"Other Barware"
"Inks"
"Baseball-Other"
"Other Ethnic, Tribal"
"Other Comics"
"Paper Money: US"
"Tupperware"
"Underwire"
"Europe"
"Props"
"Cigarette"
"8mm"
"Heritage Village"
"Intimates"
"Scanners"
"Miniature Ornaments"
"Mystery, Adventure"
"Stained Glass"
"Jeans & Pants"
"Artistic Nudes"
"Waterford"
"Underwear, Sleepwear"
"Leotards, Unitards"
"Neck Ties"
"Star Trek"
"Gazing Balls"
"Press Kits"
"Rings"
"Other Norman Rockwell Items"
"Blues"
"Fragrances: Women"
"Piedmont"
"Coins: World"
"Pinbacks"
"Clocks"
"Modern (1980-Now)"
"Promo Glasses"
"Underwear"
"D_cor"
"Conditioner"
"Elegant"
"Action, Adventure"
"Blush"
"Clogs"
"Other Enesco Items"
"Golf-Other"
"Satellite"
"nullCollectibles"
"Colanders, Strainers"
"Shelia's"
"Gloves, Mittens"
"Reproduction"
"Current"
"Napkin Rings"
"Motorola"
"Precious Moments"
"Distillery"
"Ads, Flyers"
"Contemporary Plastic"
"Fontanini"
"Dreamsicles"
"Steins"
"Christopher Radko"
"Josef"
"Walking"
"Ethnographic"
"Animals"
"Accent Pieces"
"Graniteware"
"Flags"
"Heavy Metal"
"Duncan Royale"
"Flats"
"Non-US Countries, Town Views"
"Beads, Amulets"
"B&W"
"California Pottery"
"Elizabeth Arden"
"Network Interface Cards"
"Supplies"
"Hair Dryers"
"Maisto"
"West Virginia"
"Prints"
"Fine Jewelry"
"Art"
"Contemporary (1970-Now)"
"CED"
"CDs"
"Copper"
"Other Movie, TV"
"22 Inch"
"Pens, Pencils, Pads"
"China"
"Table Lamps"
"Other Modern Age"
"Choppers"
"Other Bed & Bath Linens"
"France"
"DVD"
"Rugs"
"Fanzines, Fan Clubs"
"Filters"
"Napkins, Placemats"
"One-Piece"
"Dog"
"Herend"
"Signs, Tins"
"Magazines"
"Posters"
"Custom"
"Sterling Silver"
"Gifts & Party Supplies"
"Skirts"
"Schnauzer"
"Bottles: Antique (Pre-1900)"
"Contemporary (1950-Now)"
"Running"
"Range Sets"
"Fragrances: Men"
"Glass"
"Modern (1970-Now)"
"Mixed Sizes"
"Nutcrackers"
"Other Franklin Mint Items"
"GPS"
"Figurals"
"Fur"
"Records"
"Pottery"
"Makeup & Face Care"
"Cast Iron"
"Super Hero"
"Other Original Art"
"Foundation"
"Open Editions"
"Flue Covers"
"Exercise"
"Babylon 5"
"Gadgets & Other Electronics"
"Jade"
"Other Hallmark Collectibles"
"Collections"
"Charms, Lockets"
"Colored"
"Graphic Novels, TPBs"
"Trading Cards"
"Utility & Black Glass"
"1990-Now"
"16mm"
"Silverplate"
"Half Dimes"
"Pants"
"Protectors"
"Feed Sacks, Flour Sacks"
"Business, Office & Industrial"
"Snow Village"
"Newspaper Comics"
"Home D_cor"
"Cookware"
"Open Salts"
"Militaria"
"Lace, Crochet, Doilies"
"Paper"
"Necklaces"
"Lamps, Lighting, Ceiling Fans"
"Calico Kittens"
"Ericsson"
"Networking & I.T."
"Corsets"
"33 RPM/LPs"
"Irons, Ironing Boards"
"Barware"
"Sci-Fi"
"Teens"
"Molds"
"Mad"
"Men"
"Bedspreads"
"Hair Removal"
"Subwoofers"
"Panties"
"Wristwatches"
"Snowbunnies"
"Pocket Dragons"
"Backpacks"
"Vintage (no feet)"
"PAL"
"San Francisco Music Box"
"International"
"Large Cents"
"Bottles: Reproduction"
"Diecast, Toy Vehicles"
"6-12 Months"
"Lobby Cards"
"Retirement"
"Ornaments"
"Musicals"
"Other Memorabilia"
"Other Cookware"
"Pez"
"Pop"
"Work"
"Pickles, Sauces, Other Food"
"Other Sleepwear"
"Sleepwear, Robes"
"Boonton"
"Carpentry, Woodworking"
"Souvenir Programs"
"Eyeshadow"
"Coffee Grinders, Mills"
"Thomas Kinkade"
"Dominion of Canada"
"Sets"
"Mary's Moo Moos"
"Royal Copenhagen Coll Plates"
"Office Equipment"
"Other Boots"
"Tin"
"USB"
"Contemporary Metal"
"Movie"
"VHS"
"Sweaters"
"Small Appliances"
"Lilliput Lane"
"Wraps"
"Pottery & Glass"
"Suspenders, Braces"
"Other Outerwear"
"Lunchboxes, Thermoses"
"Lladro"
"Furby"
"Input Peripherals"
"20 Inch"
"Tea Kettles"
"War"
"Other Shakers"
"Avon"
"X Files"
"Cookie Cutters"
"Tableware"
"Bitters"
"Adventure"
"Other Jackets"
"Handbags"
"Event Tickets"
"License Plates"
"Sterling"
"Hair, Skin Care"
"Rolling Pins"
"Samplers"
"FDCs (pre-1951)"
"Other Antique Dolls"
"Toys & Hobbies"
"Mage Knight"
"Other Materials"
"Collections, Lots"
"Brass"
"Corkscrews"
"Pottery & China"
"Snowbabies"
"Decorative Arts"
"Heat Styling"
"Other Coats"
"Cars, Trucks-Diecast"
"Autographs"
"Other Small Appliances"
"Popcorn Poppers"
"Tickets & Experiences"
"Shorts"
"Maternity"
"Collector Plates"
"Sets & Kits"
"Canada"
"Drives, Media"
"Clothing (Pre-1980)"
"Lip Color"
"Vintage Metal"
"Sarah's Attic"
"Other Wedgwood Collectibles"
"Soap"
"Hallmark"
"Drives-Internal"
"Other Kinkade Collectibles"
"Garters"
"Clothing"
"Hummel, Goebel"
"Potholders, Oven Mitts"
"Boys (Sz 8 and up)"
"Swimwear"
"Italy & Area"
"Other Magazines"
"Cutlery"
"Exercise, Fitness"
"Other Antique Bottles"
"Accessories"
"Risque Novelties"
"Other Shirts"
"Phone Cards"
"Home Audio & Video"
"Textiles"
"Classic Toys"
"Wire, Cables"
"Vintage"
"Bears"
"Other Bronze Age"
"Sony PlayStation"
"Betty Boop"
"Country"
"Adapters & Cables"
"Other Board Games"
"Movie, TV"
"12-24 Months"
"Sunglasses"
"Drawings, Sketches"
"Shoulder Bags"
"Internet Games"
"Other Textiles"
"Memory Cards & Expansion Paks"
"Postal History"
"Wreaths"
"Oxfords"
"To fit Nikon"
"Other Avon Items"
"Clothing: Regular"
"Enamelware"
"Furnishings, Knives & Tools"
"Other Tops"
"Old Time Radio"
"Robes"
"Mousepads"
"Memorabilia"
"Lexmark"
"Gag Gifts"
"Other World"
"Folk"
"Alpine Village"
"Shampoo"
"Animation"
"Face Powder"
"Silver Age (1956-69)"
"Texas Ware"
"Rock: Hard"
"Jewelry, Gems & Watches"
"Arcade"
"Collectibles"
"First Editions"
"Series Ornaments"
"Evening Wear"
"Shaving"
"Chanel"
"Ethnic, Tribal Jewelry"
"Little Boys (Sz 4-7)"
"Nursing"
"Cake Carriers, Savers"
"Other Doulton Collectibles"
"Xena"
"Drama"
"Vests"
"Beta"
"Other"
"Bed & Bath Linens"
"This Little Piggy"
"Byers Choice"
"Knowles Collector Plates"
"Comedy"
"Miniatures"
"Pre-1940"
"Napkins, Placemats, Runners"
"Socks"
"Shot Glasses"
"Christmas: Modern (1946-90)"
"Textbooks, Education"
"Crime"
"Sodas"
"Combos"
"Knives"
"Other Birds"
"Shavers"
"One-Pieces"
"Advertising"
"Software"
"Goblets, Tumblers"
"Outfits & Sets"
"Bells"
"Nonfiction"
"Rumble Paks"
"Bird"
"Basketball-NBA"
"Athletic Shoes"
"Levels, Plumb Bobs"
"Tom Clark"
"Safety"
"Dress"
"Instructional"
"Soft Cup"
"Other Heels, Pumps"
"Bing & Grondahl Coll Plates"
"Table Linens"
"50 States (1999-2008)"
"First Gear"
"Bridesmaids' Dresses"
"Business"
"Coasters"
"Marlboro"
"0-3 Months"
"Personal Care"
"Virginia Slims"
"Belts"
"Quarters"
"Gift Certificates"
"Power Tools"
"Monitors"
"Cherished Teddies"
"Candy & Nuts"
"Dickens Village"
"1970-89"
"Roman"
"Alfa Romeo"
"DragonBall Z"
"Wedgwood"
"Tie-ons"
"Spice Racks, Jars"
"Scarves"
"Dresses"
"Other Boys Items"
"Sheets"
"Iroquois"
"Splash Pages"
"Cable & Satellite"
"HOMCO"
"Reenactment, Repro"
"DSS Receivers"
"Winston"
"Camisoles"
"Shirts"
"Outwear"
"Housekeeping & Storage"
"Oval"
"Boys"
"Motorcycle"
"European"
"Funny Animal"
"Laser Printers"
"Civil War (1861-65)"
"Spoon Rests"
"Aluminum"
"X-Men"
"Aviation"
"Science Fiction"
"Bath, Shower Gel"
"CDs, Records, & Tapes"
"Football-Other"
"Nintendo NES"
"Dinnerware, Serving"
"Mystery"
"Gaming Controls"
"Clutches"
"Egg Cups"
"Bras"
"Other Prints"
"Porcelain"
"Nursery"
"Other Shapes"
"Crystal"
"Life Savers"
"Cat's Meow Village"
"Tablecloths"
"Ephemera"
"Other Casual Styles"
"Gag Gifts, Novelties"
"Hockey-NHL"
"Longaberger"
"Vases"
"Jack Daniels"
"Flambro"
"Breweriana"
"Artist"
"Cable"
"Star Wars"
"Standees"
"Swords"
"Charming Tails"
"Original Period Items"
"Stockings"
"Other Willitts"
"Body Care"
"Other Knives"
"Other Tableware"
"Cross-Training"
"Pins, Brooches"
"Kool"
"Chrome"
"Audiovox"
"Measuring Cups, Spoons"
"Paper Money: World"
"Lucky Strike"
"Openers"
"Electronic, Interactive"
"Other Magic Items"
"Cowboy, Western"
"US State, Town Views"
"Steins, Drinkware"
"Decorative & Holiday"
"Infants"
"10 Inch"
"Westerns"
"Oral Hygiene"
"Yo-Yos"
"3-6 Months"
"Professional"
"Pourers, Stoppers"
"Obsolete Currency"
"Cellular, Wireless Phones"
"Pins, Buttons"
"Denim"
"Laptops & Accessories"
"Religion"
"Magazines, Catalogs"
"Designer, Signed"
"Blenders"
"Casual"
"Feeding"
"Lenses"
"Car Audio & Electronics"
"Firefighting"
"Backpacks, Bags"
"Asian"
"Role Playing"
"Watches"
"Peelers"
"Floral D_cor"
"Christmas: Current (1991-Now)"
"Vintage Plastic"
"Vanity Items"
"Sleepwear"
"Coffee Makers"
"Other Athletic Shoes"
"Tools"
"Organizers, Planners"
"Margaret Furlong"
"Tops"
"Pendelfin"
"Apple, Macintosh"
"Other Hummel Collectibles"
"Toasters"
"Movies & Television"
"Kitchen Textiles"
"Medicines, Cures"
"Manufactured"
"Other Historical Items"
"Historical Memorabilia"
"Holiday, Seasonal"
"Briefs"
"High Chairs"
"Other Baby Items"
"Mules"
"Camel"
"Bakeware"
"Decorative by Theme"
"Cross Training"
"Willitts"
"Serving Trays"
"Window Cards"
"Basketball"
"Jewelry"
"David Winter"
"Other Sci-Fi"
"Strapless"
"Trinket Boxes"
"Cars"
"Original Comic Art"
"Totes"
"Planet of the Apes"
"Golf-PGA"
"Football-NFL"
"My Blushing Bunnies"
"Pop Culture"
"Decanters"
"Antiquarian, Rare"
"Wheaton"
"Wrestling"
"24 Inch"
"Top & T-Shirts"
"Gold"
"Fitz & Floyd"
"Flatware"
"Sky & UV"
"Costume Jewelry"
"Wardrobe"
"Possessions"
"Board, Traditional Games"
"Consumer Electronics"
"Slippers, Moccasins"
"Daytime"
"Music"
"Mixing Bowls"
"Photos"
"Liners"
"Table Accessories"
"Caps & Hats"
"Kitchenware"
"Just the Right Shoe"
"Tapestries"
"Other Kitchen Textiles"
"Girls"
"Alternative, Underground"
"Art, Animation & Photo Images"
"Salt, Pepper Shakers"
"Drives"
"Classical"
"Concealer"
"Cases, Bags, Totes"
